{
  "id": "3300897",
  "name": "mcake",
  "font_family": "iconfont",
  "css_prefix_text": "icon-",
  "description": "",
  "glyphs": [
    {
      "icon_id": "1306",
      "name": "购物车空",
      "font_class": "gouwuchekong",
      "unicode": "e602",
      "unicode_decimal": 58882
    },
    {
      "icon_id": "144706",
      "name": "密码",
      "font_class": "mima",
      "unicode": "e620",
      "unicode_decimal": 58912
    },
    {
      "icon_id": "201638",
      "name": "编辑",
      "font_class": "bianji",
      "unicode": "e600",
      "unicode_decimal": 58880
    },
    {
      "icon_id": "253567",
      "name": "手机",
      "font_class": "shouji",
      "unicode": "e6c7",
      "unicode_decimal": 59079
    },
    {
      "icon_id": "376210",
      "name": "活动",
      "font_class": "huodong",
      "unicode": "e64d",
      "unicode_decimal": 58957
    },
    {
      "icon_id": "435979",
      "name": "位置",
      "font_class": "weizhi",
      "unicode": "e7e6",
      "unicode_decimal": 59366
    },
    {
      "icon_id": "666889",
      "name": "搜索",
      "font_class": "sousuo",
      "unicode": "e693",
      "unicode_decimal": 59027
    },
    {
      "icon_id": "672036",
      "name": "下拉",
      "font_class": "xiala",
      "unicode": "e6b9",
      "unicode_decimal": 59065
    },
    {
      "icon_id": "1220777",
      "name": "员工渠道APP-切换账号",
      "font_class": "qiehuanzhanghao",
      "unicode": "e618",
      "unicode_decimal": 58904
    },
    {
      "icon_id": "1727352",
      "name": "20积分",
      "font_class": "jifen",
      "unicode": "e897",
      "unicode_decimal": 59543
    },
    {
      "icon_id": "1727355",
      "name": "22资料、手册",
      "font_class": "ziliaoshouce",
      "unicode": "e898",
      "unicode_decimal": 59544
    },
    {
      "icon_id": "1727362",
      "name": "25单据",
      "font_class": "danju",
      "unicode": "e89b",
      "unicode_decimal": 59547
    },
    {
      "icon_id": "1727364",
      "name": "26创建单据",
      "font_class": "chuangjiandanju",
      "unicode": "e89d",
      "unicode_decimal": 59549
    },
    {
      "icon_id": "1727367",
      "name": "28体积、空间",
      "font_class": "tijikongjian",
      "unicode": "e89f",
      "unicode_decimal": 59551
    },
    {
      "icon_id": "1727399",
      "name": "43财务",
      "font_class": "caiwu",
      "unicode": "e8ae",
      "unicode_decimal": 59566
    },
    {
      "icon_id": "1727447",
      "name": "216更多-竖向",
      "font_class": "gengduo-shuxiang",
      "unicode": "e8c4",
      "unicode_decimal": 59588
    },
    {
      "icon_id": "2092783",
      "name": "返回箭头 详情页",
      "font_class": "fanhuijiantouxiangqingye",
      "unicode": "e8de",
      "unicode_decimal": 59614
    },
    {
      "icon_id": "2488825",
      "name": "48银行卡",
      "font_class": "yinhangqia",
      "unicode": "e936",
      "unicode_decimal": 59702
    },
    {
      "icon_id": "2506165",
      "name": "返回顶部",
      "font_class": "fanhuidingbu",
      "unicode": "e623",
      "unicode_decimal": 58915
    },
    {
      "icon_id": "5024118",
      "name": "餐具",
      "font_class": "canju",
      "unicode": "e619",
      "unicode_decimal": 58905
    },
    {
      "icon_id": "5219285",
      "name": "蛋糕",
      "font_class": "dangao",
      "unicode": "e609",
      "unicode_decimal": 58889
    },
    {
      "icon_id": "6141084",
      "name": "AK-YK_圆圈_fill",
      "font_class": "yk_yuanquan_fill",
      "unicode": "e601",
      "unicode_decimal": 58881
    },
    {
      "icon_id": "11372763",
      "name": "定位",
      "font_class": "dingwei",
      "unicode": "e8c5",
      "unicode_decimal": 59589
    },
    {
      "icon_id": "11372789",
      "name": "优惠券",
      "font_class": "youhuiquan",
      "unicode": "e8c8",
      "unicode_decimal": 59592
    },
    {
      "icon_id": "11488335",
      "name": "vip-fill",
      "font_class": "vip-fill",
      "unicode": "e78f",
      "unicode_decimal": 59279
    },
    {
      "icon_id": "11855569",
      "name": "个人中心",
      "font_class": "gerenzhongxin",
      "unicode": "e605",
      "unicode_decimal": 58885
    }
  ]
}
